{"Ecosystem and Carbon Cycle": {"children": {"Gross Primary Productivity": {"children": {"GBAF": {"children": {}, "Spatial Distribution Score global": [0.6662311004821763, -0.05100329453748969, -1.9226555627610533, 0.6872303074666799, 0.6201974493496898], "Seasonal Cycle Score global": [0.3585652559213427, 0.9343889240973536, -1.9384212208032439, 0.195145088039734, 0.45032195274478715], "Bias Score global": [0.479933605023139, 0.06073119338688704, -1.5188650243205273, 0.24510086792624008, 0.7330993579842584], "RMSE Score global": [0.05739980706629122, 0.2841593116994251, -0.47607978405509177, -0.10014252197059204, 0.23466318725995916]}}, "Spatial Distribution Score global": [0.6662311004821763, -0.05100329453748969, -1.9226555627610533, 0.6872303074666799, 0.6201974493496898], "Seasonal Cycle Score global": [0.3585652559213427, 0.9343889240973536, -1.9384212208032439, 0.195145088039734, 0.45032195274478715], "Bias Score global": [0.479933605023139, 0.06073119338688704, -1.5188650243205273, 0.24510086792624008, 0.7330993579842584], "RMSE Score global": [0.05739980706629122, 0.2841593116994251, -0.47607978405509177, -0.10014252197059204, 0.23466318725995916]}}, "Spatial Distribution Score global": [0.6662311004821763, -0.05100329453748969, -1.9226555627610533, 0.6872303074666799, 0.6201974493496898], "Seasonal Cycle Score global": [0.3585652559213427, 0.9343889240973536, -1.9384212208032439, 0.195145088039734, 0.45032195274478715], "Bias Score global": [0.479933605023139, 0.06073119338688704, -1.5188650243205273, 0.24510086792624008, 0.7330993579842584], "RMSE Score global": [0.05739980706629122, 0.2841593116994251, -0.47607978405509177, -0.10014252197059204, 0.23466318725995916]}, "Hydrology Cycle": {"children": {"Evapotranspiration": {"children": {"MODIS": {"children": {}, "Spatial Distribution Score global": [0.0, -999.0, -999.0, -999.0, -999.0], "Seasonal Cycle Score global": [0.0, -999.0, -999.0, -999.0, -999.0], "Bias Score global": [0.0, -999.0, -999.0, -999.0, -999.0], "RMSE Score global": [0.0, -999.0, -999.0, -999.0, -999.0]}}, "Spatial Distribution Score global": [0.0, -999.0, -999.0, -999.0, -999.0], "Seasonal Cycle Score global": [0.0, -999.0, -999.0, -999.0, -999.0], "Bias Score global": [0.0, -999.0, -999.0, -999.0, -999.0], "RMSE Score global": [0.0, -999.0, -999.0, -999.0, -999.0]}, "Leaf Area Index": {"children": {"AVHRR": {"children": {}}, "MODIS": {"children": {}, "Spatial Distribution Score global": [0.7481065586916583, -0.424388595886462, -1.785901497858506, 0.7011218544446187, 0.7610616806086908], "Seasonal Cycle Score global": [0.33485995381422606, 0.30525900591448774, -1.1067395485004488, 0.09671373738099065, 0.36990685139073054], "Bias Score global": [0.3126310171790526, -0.24885788020935357, -0.6911963060710618, 0.18883299638407097, 0.43859017271729095], "RMSE Score global": [-0.020740605582728056, 0.6195527555133862, -0.5457163225163514, -0.2085752069648117, 0.1554793795504994], "Overall Score global": [0.5964749706131811, -0.010513270605180813, -1.712459122322335, 0.4191028421061088, 0.7073945802082371]}}}}, "Spatial Distribution Score global": [0.0, -999.0, -999.0, -999.0, -999.0], "Seasonal Cycle Score global": [0.0, -999.0, -999.0, -999.0, -999.0], "Bias Score global": [0.0, -999.0, -999.0, -999.0, -999.0], "RMSE Score global": [0.0, -999.0, -999.0, -999.0, -999.0]}}