{"Ecosystem and Carbon Cycle": {"children": {"Gross Primary Productivity": {"children": {"GBAF": {"children": {}, "Spatial Distribution Score global": [0.32128135158555154, 0.7077979825408994, 0.682602381958388, -1.7116817160848359], "Seasonal Cycle Score global": [-1.2043191202181251, 1.0227947618210105, 0.9530355655218281, -0.7715112071247135], "Bias Score global": [0.00714525667305098, 0.832680642337476, 0.7953932100403663, -1.635219109050896], "RMSE Score global": [-1.0181100159049623, 0.9784794827840259, 1.0211255600526947, -0.9814950269317582], "Overall Score global": [-0.4596843895641976, 0.9468369411097017, 0.9340338602022993, -1.4211864117478068]}}, "Spatial Distribution Score global": [0.32128135158555154, 0.7077979825408994, 0.682602381958388, -1.7116817160848359], "Seasonal Cycle Score global": [-1.2043191202181251, 1.0227947618210105, 0.9530355655218281, -0.7715112071247135], "Bias Score global": [0.00714525667305098, 0.832680642337476, 0.7953932100403663, -1.635219109050896], "RMSE Score global": [-1.0181100159049623, 0.9784794827840259, 1.0211255600526947, -0.9814950269317582], "Overall Score global": [-0.4596843895641976, 0.9468369411097017, 0.9340338602022993, -1.4211864117478068]}}, "Spatial Distribution Score global": [0.32128135158555154, 0.7077979825408994, 0.682602381958388, -1.7116817160848359], "Seasonal Cycle Score global": [-1.2043191202181251, 1.0227947618210105, 0.9530355655218281, -0.7715112071247135], "Bias Score global": [0.00714525667305098, 0.832680642337476, 0.7953932100403663, -1.635219109050896], "RMSE Score global": [-1.0181100159049623, 0.9784794827840259, 1.0211255600526947, -0.9814950269317582], "Overall Score global": [-0.4596843895641976, 0.9468369411097017, 0.9340338602022993, -1.4211864117478068]}, "Hydrology Cycle": {"children": {"Evapotranspiration": {"children": {"MODIS": {"children": {}, "Spatial Distribution Score global": [-1.4070548618682532, 0.8266024558972637, 0.5804524059710002, -999.0], "Seasonal Cycle Score global": [-1.142905219051349, 0.5760253922941494, 0.5668798267571995, -999.0], "Bias Score global": [-1.389085504249523, 0.9243929129097537, 0.46469259133976787, -999.0], "RMSE Score global": [-1.050888171057618, 0.5487466372860794, 0.5021415337715274, -999.0], "Overall Score global": [-1.40764899060465, 0.82169408186853, 0.5859549087361103, -999.0]}}, "Spatial Distribution Score global": [-1.4070548618682532, 0.8266024558972637, 0.5804524059710002, -999.0], "Seasonal Cycle Score global": [-1.142905219051349, 0.5760253922941494, 0.5668798267571995, -999.0], "Bias Score global": [-1.389085504249523, 0.9243929129097537, 0.46469259133976787, -999.0], "RMSE Score global": [-1.050888171057618, 0.5487466372860794, 0.5021415337715274, -999.0], "Overall Score global": [-1.40764899060465, 0.82169408186853, 0.5859549087361103, -999.0]}}, "Spatial Distribution Score global": [-1.4070548618682532, 0.8266024558972637, 0.5804524059710002, -999.0], "Seasonal Cycle Score global": [-1.142905219051349, 0.5760253922941494, 0.5668798267571995, -999.0], "Bias Score global": [-1.389085504249523, 0.9243929129097537, 0.46469259133976787, -999.0], "RMSE Score global": [-1.050888171057618, 0.5487466372860794, 0.5021415337715274, -999.0], "Overall Score global": [-1.40764899060465, 0.82169408186853, 0.5859549087361103, -999.0]}}