{"Ecosystem and Carbon Cycle": {"children": {"Gross Primary Productivity": {"children": {"Fluxnet": {"children": {}, "Bias Score global": [-0.21158038223374198, 0.7502434929605395, -0.538663110726792], "Seasonal Cycle Score global": [-0.1661983563078913, 1.2993572016713308, -1.1331588453634396], "RMSE Score global": [-0.17092119516732007, 0.47382762818120316, -0.3029064330138803], "Overall Score global": [-0.24215129819132042, 1.2359602514400185, -0.9938089532486927]}, "GBAF": {"children": {}, "Spatial Distribution Score global": [0.12658545236588492, 0.4707017203483932, -0.5972871727142726], "Seasonal Cycle Score global": [0.10166419641399754, 1.1707440530728292, -1.272408249486815], "Bias Score global": [0.066563790291925, 0.6625556413021955, -0.7291194315941246], "RMSE Score global": [-0.06562977898270372, 0.3106434825678406, -0.2450137035851313], "Overall Score global": [0.04062878852167939, 0.6762398830794103, -0.7168686716010786]}}, "Bias Score global": [-0.037740274405201335, 0.6954385856740741, -0.6576983112688728], "Seasonal Cycle Score global": [-0.03751069226580114, 1.243069321783884, -1.2055586295180736], "RMSE Score global": [-0.10511406005193902, 0.3718375371728505, -0.26672347712091427], "Overall Score global": [-0.06541374399569866, 0.8861350212146318, -0.8207212772189415]}}, "Bias Score global": [-0.037740274405201335, 0.6954385856740741, -0.6576983112688728], "Seasonal Cycle Score global": [-0.03751069226580114, 1.243069321783884, -1.2055586295180736], "RMSE Score global": [-0.10511406005193902, 0.3718375371728505, -0.26672347712091427], "Overall Score global": [-0.06541374399569866, 0.8861350212146318, -0.8207212772189415]}, "Hydrology Cycle": {"children": {"Evapotranspiration": {"children": {"GLEAM": {"children": {}, "Spatial Distribution Score global": [0.017708849382258585, 0.14250295496543441, -0.1602118043476819], "Seasonal Cycle Score global": [-0.011450145201347128, -0.031010352979393696, 0.04246049818075748], "Bias Score global": [0.028553010215820462, 0.430797320138232, -0.45935033035404693], "RMSE Score global": [-0.02702876756897621, 0.046668250342557505, -0.019639482773586847], "Overall Score global": [-0.003849164148250761, 0.12712528456186867, -0.12327612041363456]}, "MODIS": {"children": {}, "Spatial Distribution Score global": [0.0648222209073901, 0.13760008483574282, -0.2024223057431218], "Seasonal Cycle Score global": [0.018835766457381276, 0.10520348997573037, -0.12403925643312275], "Bias Score global": [0.05998673001599841, 0.6223534621342203, -0.6823401921502242], "RMSE Score global": [-0.04142444830224634, 0.08150291474690596, -0.04007846644465962], "Overall Score global": [0.01215916415525653, 0.20563257328790052, -0.2177917374431626]}}, "Spatial Distribution Score global": [0.04126553514482434, 0.14005151990058584, -0.18131705504540463], "Seasonal Cycle Score global": [0.003692810628014298, 0.037096568498168336, -0.040789379126188186], "Bias Score global": [0.04426987011590944, 0.5265753911362248, -0.5708452612521342], "RMSE Score global": [-0.034226607935611275, 0.06408558254473173, -0.02985897460912046], "Overall Score global": [0.0041550000035028845, 0.16637892892488737, -0.1705339289283958]}}, "Spatial Distribution Score global": [0.04126553514482434, 0.14005151990058584, -0.18131705504540463], "Seasonal Cycle Score global": [0.003692810628014298, 0.037096568498168336, -0.040789379126188186], "Bias Score global": [0.04426987011590944, 0.5265753911362248, -0.5708452612521342], "RMSE Score global": [-0.034226607935611275, 0.06408558254473173, -0.02985897460912046], "Overall Score global": [0.0041550000035028845, 0.16637892892488737, -0.1705339289283958]}}