{"Ecosystem and Carbon Cycle": {"children": {"Gross Primary Productivity": {"children": {"GBAF": {"children": {}, "Spatial Distribution Score global": [0.068416818471706, 0.13973013836987014, -0.20814695684157614], "Seasonal Cycle Score global": [0.1558711657766998, -0.049228522639893635, -0.10664264313680616], "Bias Score global": [0.05919823419701653, -0.5601607343632437, 0.5009625001662327], "RMSE Score global": [0.03788820782381075, -0.2354624499052993, 0.19757424208148855], "Overall Score global": [0.07185252681861098, -0.18811680368877037, 0.11626427687017049]}}, "Spatial Distribution Score global": [0.068416818471706, 0.13973013836987014, -0.20814695684157614], "Seasonal Cycle Score global": [0.1558711657766998, -0.049228522639893635, -0.10664264313680616], "Bias Score global": [0.05919823419701653, -0.5601607343632437, 0.5009625001662327], "RMSE Score global": [0.03788820782381075, -0.2354624499052993, 0.19757424208148855], "Overall Score global": [0.07185252681861098, -0.18811680368877037, 0.11626427687017049]}}, "Spatial Distribution Score global": [0.068416818471706, 0.13973013836987014, -0.20814695684157614], "Seasonal Cycle Score global": [0.1558711657766998, -0.049228522639893635, -0.10664264313680616], "Bias Score global": [0.05919823419701653, -0.5601607343632437, 0.5009625001662327], "RMSE Score global": [0.03788820782381075, -0.2354624499052993, 0.19757424208148855], "Overall Score global": [0.07185252681861098, -0.18811680368877037, 0.11626427687017049]}, "Hydrology Cycle": {"children": {"Evapotranspiration": {"children": {"MODIS": {"children": {}, "Spatial Distribution Score global": [-0.0030240398006753377, 0.09306235985135358, -0.0900383200506949], "Seasonal Cycle Score global": [0.1077158422067459, -0.08734827229982534, -0.020367569906937222], "Bias Score global": [0.012834843199219237, -0.24869067411412982, 0.23585583091491058], "RMSE Score global": [-0.013585641363533796, -0.03376921318292703, 0.047354854546477476], "Overall Score global": [0.018071072575642777, -0.06210300258568946, 0.04403193001004668]}}, "Spatial Distribution Score global": [-0.0030240398006753377, 0.09306235985135358, -0.0900383200506949], "Seasonal Cycle Score global": [0.1077158422067459, -0.08734827229982534, -0.020367569906937222], "Bias Score global": [0.012834843199219237, -0.24869067411412982, 0.23585583091491058], "RMSE Score global": [-0.013585641363533796, -0.03376921318292703, 0.047354854546477476], "Overall Score global": [0.018071072575642777, -0.06210300258568946, 0.04403193001004668]}, "Leaf Area Index": {"children": {"AVHRR": {"children": {}, "Spatial Distribution Score global": [0.16151689911133582, -0.03930428455820034, -0.12221261455312993], "Seasonal Cycle Score global": [0.06260714836432979, -0.8699713447204549, 0.8073641963561418], "Bias Score global": [0.2080331172080313, -0.7761197198129288, 0.5680866026048947], "RMSE Score global": [0.05170030421002281, -0.15907097157150663, 0.10737066736148104], "Overall Score global": [0.10711155462074795, -0.400707458446925, 0.2935959038261715]}, "MODIS": {"children": {}, "Spatial Distribution Score global": [0.22371677260045186, -0.3427312899683732, 0.11901451736791024], "Seasonal Cycle Score global": [0.009191649847334338, -0.8295168021369814, 0.8203251522896526], "Bias Score global": [0.12979479046019704, -0.45229991858816987, 0.32250512812797283], "RMSE Score global": [0.13203057819473063, -0.3366829092228518, 0.20465233102812397], "Overall Score global": [0.12535287385949112, -0.45958276582784285, 0.3342298919683573]}}, "Spatial Distribution Score global": [0.19261683585589662, -0.19101778726328678, -0.0015990485926098419], "Seasonal Cycle Score global": [0.03589939910582651, -0.8497440734287209, 0.8138446743228944], "Bias Score global": [0.16891395383411278, -0.6142098192005507, 0.4452958653664324], "RMSE Score global": [0.09186544120237394, -0.247876940397182, 0.15601149919479973], "Overall Score global": [0.11623221424011954, -0.4301451121373867, 0.3139128978972616]}}, "Spatial Distribution Score global": [0.07034128857054123, -0.01346769531663794, -0.05687359325391439], "Seasonal Cycle Score global": [0.08078467604391015, -0.3732466977231508, 0.2924620216792573], "Bias Score global": [0.07136450968730501, -0.3857603535215387, 0.3143958438342337], "RMSE Score global": [0.025958514598678484, -0.11405961088827299, 0.0881010962895945], "Overall Score global": [0.05488150069982711, -0.20011879366756968, 0.14523729296775922]}}