{"Ecosystem and Carbon Cycle": {"children": {"Gross Primary Productivity": {"children": {"GBAF": {"children": {}, "Spatial Distribution Score global": [-999.0, 1.000000000000001, -0.999999999999999], "Seasonal Cycle Score global": [-999.0, 1.0, -1.0], "Bias Score global": [-999.0, 1.0000000000000004, -0.9999999999999996], "RMSE Score global": [-999.0, 0.9999999999999994, -1.0000000000000004], "Overall Score global": [-999.0, 1.000000000000001, -0.999999999999999]}}, "Spatial Distribution Score global": [-999.0, 1.000000000000001, -0.999999999999999], "Seasonal Cycle Score global": [-999.0, 1.0, -1.0], "Bias Score global": [-999.0, 1.0000000000000004, -0.9999999999999996], "RMSE Score global": [-999.0, 0.9999999999999994, -1.0000000000000004], "Overall Score global": [-999.0, 1.000000000000001, -0.999999999999999]}}, "Spatial Distribution Score global": [-999.0, 1.000000000000001, -0.999999999999999], "Seasonal Cycle Score global": [-999.0, 1.0, -1.0], "Bias Score global": [-999.0, 1.0000000000000004, -0.9999999999999996], "RMSE Score global": [-999.0, 0.9999999999999994, -1.0000000000000004], "Overall Score global": [-999.0, 1.000000000000001, -0.999999999999999]}, "Hydrology Cycle": {"children": {"Evapotranspiration": {"children": {"MODIS": {"children": {}, "Spatial Distribution Score global": [-999.0, 0.37058393143719615, -0.37058393143719615], "Seasonal Cycle Score global": [-999.0, 0.39844606498220525, -0.3984460649822108], "Bias Score global": [-999.0, 0.6932705146422691, -0.6932705146422691], "RMSE Score global": [-999.0, 0.42109523458607745, -0.421095234586083], "Overall Score global": [-999.0, 0.4608981960467662, -0.46089819604677174]}}, "Spatial Distribution Score global": [-999.0, 0.37058393143719615, -0.37058393143719615], "Seasonal Cycle Score global": [-999.0, 0.39844606498220525, -0.3984460649822108], "Bias Score global": [-999.0, 0.6932705146422691, -0.6932705146422691], "RMSE Score global": [-999.0, 0.42109523458607745, -0.421095234586083], "Overall Score global": [-999.0, 0.4608981960467662, -0.46089819604677174]}}, "Spatial Distribution Score global": [-999.0, 0.37058393143719615, -0.37058393143719615], "Seasonal Cycle Score global": [-999.0, 0.39844606498220525, -0.3984460649822108], "Bias Score global": [-999.0, 0.6932705146422691, -0.6932705146422691], "RMSE Score global": [-999.0, 0.42109523458607745, -0.421095234586083], "Overall Score global": [-999.0, 0.4608981960467662, -0.46089819604677174]}}