{"Ecosystem and Carbon Cycle": {"children": {"Gross Primary Productivity": {"children": {"GBAF": {"children": {}, "Spatial Distribution Score global": [0.7181804190875245, 0.6959750321495901, -1.4141554512371137], "Seasonal Cycle Score global": [0.7487194671200603, 0.6646611370997381, -1.4133806042198032], "Bias Score global": [0.7231914011809405, 0.6908992627910473, -1.4140906639719872], "RMSE Score global": [0.6841579424074682, 0.7298099840433037, -1.413967926450771], "Overall Score global": [0.7128490908149321, 0.7013488851027003, -1.4141979759176309]}}, "Spatial Distribution Score global": [0.7181804190875245, 0.6959750321495901, -1.4141554512371137], "Seasonal Cycle Score global": [0.7487194671200603, 0.6646611370997381, -1.4133806042198032], "Bias Score global": [0.7231914011809405, 0.6908992627910473, -1.4140906639719872], "RMSE Score global": [0.6841579424074682, 0.7298099840433037, -1.413967926450771], "Overall Score global": [0.7128490908149321, 0.7013488851027003, -1.4141979759176309]}}, "Spatial Distribution Score global": [0.7181804190875245, 0.6959750321495901, -1.4141554512371137], "Seasonal Cycle Score global": [0.7487194671200603, 0.6646611370997381, -1.4133806042198032], "Bias Score global": [0.7231914011809405, 0.6908992627910473, -1.4140906639719872], "RMSE Score global": [0.6841579424074682, 0.7298099840433037, -1.413967926450771], "Overall Score global": [0.7128490908149321, 0.7013488851027003, -1.4141979759176309]}, "Hydrology Cycle": {"children": {"Evapotranspiration": {"children": {"MODIS": {"children": {}, "Spatial Distribution Score global": [0.19544088171534746, -0.195440881715353, -999.0], "Seasonal Cycle Score global": [0.004572782768474948, -0.004572782768474948, -999.0], "Bias Score global": [0.4295367359626767, -0.4295367359626767, -999.0], "RMSE Score global": [0.023302551757276024, -0.023302551757276024, -999.0], "Overall Score global": [0.13523110079221023, -0.13523110079221023, -999.0]}}, "Spatial Distribution Score global": [0.19544088171534746, -0.195440881715353, -999.0], "Seasonal Cycle Score global": [0.004572782768474948, -0.004572782768474948, -999.0], "Bias Score global": [0.4295367359626767, -0.4295367359626767, -999.0], "RMSE Score global": [0.023302551757276024, -0.023302551757276024, -999.0], "Overall Score global": [0.13523110079221023, -0.13523110079221023, -999.0]}, "Latent Heat": {"children": {"Fluxcom": {"children": {}, "Spatial Distribution Score global": [0.7557000457797912, 0.6573736633761813, -1.4130737091559664], "Seasonal Cycle Score global": [0.3905543215157459, 0.410276798760012, -0.8008311202757634], "Bias Score global": [0.8481074659479779, 0.5560152924790531, -1.4041227584270304], "RMSE Score global": [0.7738122601180396, 0.6382333431680398, -1.412045603286083], "Overall Score global": [0.7968307175622109, 0.6134124949874873, -1.410243212549707]}, "WECANN": {"children": {}, "Spatial Distribution Score global": [-0.0683862533612356, 0.06838625336124116, -999.0], "Seasonal Cycle Score global": [-0.05397081326924402, 0.05397081326924402, -999.0], "Bias Score global": [-0.11194848531507762, 0.11194848531507762, -999.0], "RMSE Score global": [-0.048852576573998885, 0.048852576573998885, -999.0], "Overall Score global": [-0.06640214101871211, 0.06640214101871211, -999.0]}}, "Spatial Distribution Score global": [0.010616002449997941, -0.010616002449997941, -999.0], "Seasonal Cycle Score global": [-0.03191602594568854, 0.03191602594568854, -999.0], "Bias Score global": [0.22800838134423018, -0.22800838134423018, -999.0], "RMSE Score global": [0.02706418018942336, -0.027064180189417808, -999.0], "Overall Score global": [0.05216734364547615, -0.0521673436454706, -999.0]}, "Sensible Heat": {"children": {"Fluxcom": {"children": {}, "Spatial Distribution Score global": [1.0774076118196807, 0.13485204962262465, -1.2122596614422998], "Seasonal Cycle Score global": [0.49141989616441895, 0.10899904095109658, -0.6004189371155044], "Bias Score global": [0.30056455499524565, -1.3470469624755783, 1.0464824074803298], "RMSE Score global": [0.8600908886030196, 0.542159651090684, -1.4022505396937082], "Overall Score global": [0.8439186124914788, -0.2137085907248093, -0.6302100217666751]}, "WECANN": {"children": {}, "Spatial Distribution Score global": [0.4351292388076189, -0.43512923880762444, -999.0], "Seasonal Cycle Score global": [0.1905977542771553, -0.19059775427716086, -999.0], "Bias Score global": [1.000000000000002, -0.9999999999999979, -999.0], "RMSE Score global": [-0.024408476337528517, 0.02440847633753407, -999.0], "Overall Score global": [0.38314246251214823, -0.38314246251214823, -999.0]}}, "Spatial Distribution Score global": [0.45320350995307623, -0.4532035099530707, -999.0], "Seasonal Cycle Score global": [0.1909040909419124, -0.1909040909419124, -999.0], "Bias Score global": [1.0, -1.0, -999.0], "RMSE Score global": [0.08331220938155304, -0.08331220938154749, -999.0], "Overall Score global": [0.45597803206014476, -0.4559780320601503, -999.0]}, "Runoff": {"children": {"Dai": {"children": {}, "Bias Score global": [0.7353349157548736, 0.6784978833826517, -1.41383279913752], "Interannual Variability Score global": [0.7044322598577814, 0.7097779347690919, -1.4142101946268744], "Spatial Distribution Score global": [-0.7382889084570444, -0.675459353794873, 1.4137482622519184], "Overall Score global": [-0.3290090380823174, -0.24691694654454532, 0.5759259846268627]}}, "Bias Score global": [0.7353349157548736, 0.6784978833826517, -1.41383279913752], "Interannual Variability Score global": [0.7044322598577814, 0.7097779347690919, -1.4142101946268744], "Spatial Distribution Score global": [-0.7382889084570444, -0.675459353794873, 1.4137482622519184], "Overall Score global": [-0.3290090380823174, -0.24691694654454532, 0.5759259846268627]}}, "Spatial Distribution Score global": [0.06269073186991325, -0.06269073186991325, -999.0], "Seasonal Cycle Score global": [0.014417174470454652, -0.014417174470460203, -999.0], "Bias Score global": [0.38306758106792516, -0.38306758106792516, -999.0], "RMSE Score global": [0.024615181088036286, -0.024615181088036286, -999.0], "Overall Score global": [0.09668929749789834, -0.09668929749789834, -999.0]}, "Radiation and Energy Cycle": {"children": {"Albedo": {"children": {"CERES": {"children": {}}, "GEWEX.SRB": {"children": {}}}}}}}