{"Ecosystem and Carbon Cycle": {"children": {"Gross Primary Productivity": {"children": {"GBAF": {"children": {}, "Spatial Distribution Score global": [0.5938248097332312, -1.73117242597511, 0.6113020077263761, 0.5260456085155027], "Seasonal Cycle Score global": [0.7152304934718882, -1.725374741947841, 0.5308756093886943, 0.47926863908726847], "Bias Score global": [0.594908285586972, -1.710319004676169, 0.3354189476185114, 0.7799917714706863], "RMSE Score global": [0.3465898501005399, -0.9261049268301791, 0.07323919237142984, 0.5062758843582177], "Overall Score global": [0.6176576651055504, -1.7281190871633065, 0.46707986197184265, 0.6433815600859135]}}, "Spatial Distribution Score global": [0.5938248097332312, -1.73117242597511, 0.6113020077263761, 0.5260456085155027], "Seasonal Cycle Score global": [0.7152304934718882, -1.725374741947841, 0.5308756093886943, 0.47926863908726847], "Bias Score global": [0.594908285586972, -1.710319004676169, 0.3354189476185114, 0.7799917714706863], "RMSE Score global": [0.3465898501005399, -0.9261049268301791, 0.07323919237142984, 0.5062758843582177], "Overall Score global": [0.6176576651055504, -1.7281190871633065, 0.46707986197184265, 0.6433815600859135]}}, "Spatial Distribution Score global": [0.5938248097332312, -1.73117242597511, 0.6113020077263761, 0.5260456085155027], "Seasonal Cycle Score global": [0.7152304934718882, -1.725374741947841, 0.5308756093886943, 0.47926863908726847], "Bias Score global": [0.594908285586972, -1.710319004676169, 0.3354189476185114, 0.7799917714706863], "RMSE Score global": [0.3465898501005399, -0.9261049268301791, 0.07323919237142984, 0.5062758843582177], "Overall Score global": [0.6176576651055504, -1.7281190871633065, 0.46707986197184265, 0.6433815600859135]}, "Hydrology Cycle": {"children": {"Evapotranspiration": {"children": {"MODIS": {"children": {}, "Spatial Distribution Score global": [0.573472075919177, -1.7288836988496656, 0.6631544065134078, 0.4922572164170859], "Seasonal Cycle Score global": [0.33313990533220816, -0.6762721893763646, 0.13807579082563692, 0.20505649321852504], "Bias Score global": [0.5821215044898372, -1.7206846068516175, 0.4077017431531777, 0.7308613592086006], "RMSE Score global": [0.12142386864193444, -0.40502853001642136, 0.10124029682254121, 0.1823643645519457], "Overall Score global": [0.41264903360558325, -1.1837338830898159, 0.332474958444251, 0.43860989103998715]}}, "Spatial Distribution Score global": [0.573472075919177, -1.7288836988496656, 0.6631544065134078, 0.4922572164170859], "Seasonal Cycle Score global": [0.33313990533220816, -0.6762721893763646, 0.13807579082563692, 0.20505649321852504], "Bias Score global": [0.5821215044898372, -1.7206846068516175, 0.4077017431531777, 0.7308613592086006], "RMSE Score global": [0.12142386864193444, -0.40502853001642136, 0.10124029682254121, 0.1823643645519457], "Overall Score global": [0.41264903360558325, -1.1837338830898159, 0.332474958444251, 0.43860989103998715]}, "Leaf Area Index": {"children": {"AVHRR": {"children": {}, "Spatial Distribution Score global": [0.6078702797814844, -1.7317193159262065, 0.5697859996358103, 0.5540630365089085], "Seasonal Cycle Score global": [0.5862049554457806, -1.6869963369651242, 0.23060179114351073, 0.8701895903758381], "Bias Score global": [0.6376010393565886, -1.7097031889545231, 0.3173293215325406, 0.7547728280653919], "RMSE Score global": [0.218314155423599, -0.49984155364073135, 0.0075428796420695665, 0.27398451857505723], "Overall Score global": [0.6203623077213576, -1.7214624652820127, 0.39970776161807164, 0.7013923959425834]}, "MODIS": {"children": {}, "Spatial Distribution Score global": [0.6122541672992824, -1.7310751379686167, 0.5230544739551217, 0.5957664967142143], "Seasonal Cycle Score global": [0.5675305434308785, -1.6925542230132884, 0.26223684530918034, 0.8627868342732316], "Bias Score global": [0.6571717835254448, -1.6965539613212175, 0.24612916948700478, 0.7932530083087664], "RMSE Score global": [0.4847593954721646, -1.0581864518322963, 0.01604590805458217, 0.557381148305558], "Overall Score global": [0.6263217588887927, -1.718679775709263, 0.3770076981143827, 0.7153503187060875]}}, "Spatial Distribution Score global": [0.6103399312441211, -1.73157889985253, 0.5443211783891597, 0.5769177902192473], "Seasonal Cycle Score global": [0.5766767778806188, -1.6899155642950365, 0.24679768510891414, 0.8664411013055056], "Bias Score global": [0.6438985190332948, -1.7058822715558526, 0.29492448390559395, 0.7670592686169645], "RMSE Score global": [0.3515367754478804, -0.7790140027365139, 0.01179439384832448, 0.4156828334403062], "Overall Score global": [0.6233854048038666, -1.720098214038007, 0.3882575630040591, 0.7084552462300825]}}, "Spatial Distribution Score global": [0.6019803482996474, -1.7318274301081353, 0.5725458256835583, 0.5573012561249258], "Seasonal Cycle Score global": [0.6312015123707496, -1.6996717369241354, 0.267883533434356, 0.8005866911190165], "Bias Score global": [0.6116942308264944, -1.7146466569787169, 0.3545435056507586, 0.7484089205014625], "RMSE Score global": [0.20771620869416418, -0.5452730822864571, 0.06769808320721271, 0.2698587903850802], "Overall Score global": [0.6168567797464644, -1.7237962711057015, 0.42050995807905045, 0.6864295332801867]}}