{"Ecosystem and Carbon Cycle": {"children": {"Gross Primary Productivity": {"children": {"GBAF": {"children": {}, "Spatial Distribution Score global": [0.12658545236588492, 0.4707017203483932, -0.5972871727142726], "Seasonal Cycle Score global": [0.10166419641399754, 1.1707440530728292, -1.272408249486815], "Bias Score global": [0.066563790291925, 0.6625556413021955, -0.7291194315941246], "RMSE Score global": [-0.06562977898270372, 0.3106434825678406, -0.2450137035851313], "Overall Score global": [0.04062878852167939, 0.6762398830794103, -0.7168686716010786]}}, "Spatial Distribution Score global": [0.12658545236588492, 0.4707017203483932, -0.5972871727142726], "Seasonal Cycle Score global": [0.10166419641399754, 1.1707440530728292, -1.272408249486815], "Bias Score global": [0.066563790291925, 0.6625556413021955, -0.7291194315941246], "RMSE Score global": [-0.06562977898270372, 0.3106434825678406, -0.2450137035851313], "Overall Score global": [0.04062878852167939, 0.6762398830794103, -0.7168686716010786]}}, "Spatial Distribution Score global": [0.12658545236588492, 0.4707017203483932, -0.5972871727142726], "Seasonal Cycle Score global": [0.10166419641399754, 1.1707440530728292, -1.272408249486815], "Bias Score global": [0.066563790291925, 0.6625556413021955, -0.7291194315941246], "RMSE Score global": [-0.06562977898270372, 0.3106434825678406, -0.2450137035851313], "Overall Score global": [0.04062878852167939, 0.6762398830794103, -0.7168686716010786]}, "Hydrology Cycle": {"children": {"Evapotranspiration": {"children": {"MODIS": {"children": {}, "Spatial Distribution Score global": [0.0648222209073901, 0.13760008483574282, -0.2024223057431218], "Seasonal Cycle Score global": [0.018835766457381276, 0.10520348997573037, -0.12403925643312275], "Bias Score global": [0.05998673001599841, 0.6223534621342203, -0.6823401921502242], "RMSE Score global": [-0.04142444830224634, 0.08150291474690596, -0.04007846644465962], "Overall Score global": [0.01215916415525653, 0.20563257328790052, -0.2177917374431626]}}, "Spatial Distribution Score global": [0.0648222209073901, 0.13760008483574282, -0.2024223057431218], "Seasonal Cycle Score global": [0.018835766457381276, 0.10520348997573037, -0.12403925643312275], "Bias Score global": [0.05998673001599841, 0.6223534621342203, -0.6823401921502242], "RMSE Score global": [-0.04142444830224634, 0.08150291474690596, -0.04007846644465962], "Overall Score global": [0.01215916415525653, 0.20563257328790052, -0.2177917374431626]}, "Leaf Area Index": {"children": {"AVHRR": {"children": {}, "Spatial Distribution Score global": [0.3092402933939719, 1.040485635527421, -1.34972592892139], "Seasonal Cycle Score global": [0.2278343138480252, 1.0948295676113824, -1.3226638814594105], "Bias Score global": [0.09251378271386385, 1.1758645837861816, -1.2683783665000448], "RMSE Score global": [-0.051736861728468586, 0.26528536669002123, -0.21354850496154987], "Overall Score global": [0.18511728303118774, 1.1216483810478417, -1.3067656640790295]}, "MODIS": {"children": {}, "Spatial Distribution Score global": [0.24522213046884403, 1.0835811168187712, -1.3288032472876132], "Seasonal Cycle Score global": [0.32893887052968385, 1.0266852207689534, -1.3556240912986393], "Bias Score global": [0.06133298879354848, 1.1045454512258412, -1.1658784400193891], "RMSE Score global": [-0.09447802811244632, 0.35902038436052, -0.26454235624806255], "Overall Score global": [0.17761047454686313, 1.126242452942233, -1.3038529274891013]}}, "Spatial Distribution Score global": [0.27239463386415325, 1.0656141793440699, -1.3380088132082233], "Seasonal Cycle Score global": [0.2688790497240526, 1.0679655826057626, -1.33684463232981], "Bias Score global": [0.0831286443606829, 1.1810628578565923, -1.2641915022172763], "RMSE Score global": [-0.07310744492046162, 0.3121528755252678, -0.23904543060480898], "Overall Score global": [0.1815419066632923, 1.1238408785281455, -1.305382785191433]}}, "Spatial Distribution Score global": [0.27985336398738125, 1.0223016812864638, -1.302155045273845], "Seasonal Cycle Score global": [0.17153062848789258, 0.7002989740264309, -0.8718296025143235], "Bias Score global": [0.07818382636574639, 0.9671103991334445, -1.0452942254991853], "RMSE Score global": [-0.05330557203407915, 0.16799665003879027, -0.1146910780047139], "Overall Score global": [0.08459133495457571, 0.6051408709047856, -0.6897322058593558]}}