Variables,ctsm51fates_derecho_2s_sp,ctsm51fates_derecho_norman_sp,RTM_ens36_case_0
Gross Primary Productivity,0.6715229576662473,0.6706502615774877,0.5101114401513638
Evapotranspiration,0.6795052537241137,0.6740960096924253,--
Latent Heat,0.7441567303862812,0.7420700366404622,--
Sensible Heat,0.7319272607773644,0.7136881394949585,--
Runoff,0.652840855459398,0.6544826972901535,0.6709395559135817
Albedo,~,~,~
