Variables,RTM_ens36_case_0,RTM_ens36_case_2,RTM_ens36_case_3,RTM_ens36_case_4
Gross Primary Productivity,0.5602555524249733,0.4792568927134079,0.5550561658148256,0.5611437874260045
Evapotranspiration,0.6583970515243779,0.6264693931904699,0.6567935700211512,0.658916268673066
Leaf Area Index,0.514908496814982,0.40599529416988756,0.5039809502874318,0.5188621104881249
