Variables,RTM_ens37_case_0,RTM_ens37_case_1,RTM_ens37_case_2
Gross Primary Productivity,0.5152876437486337,0.5279998656397883,0.5001376945461785
Evapotranspiration,0.6474725806690409,0.6513420488516938,0.6428735626370725
Leaf Area Index,0.4651281058303296,0.48644163410991925,0.43149588037353365
